ID,order_ID,product,quantity,price
8b9392f1-6a89-4e3c-809c-97f5510df03d,b8937929-b62d-4dc1-908e-d2ac6233167b,Laptop Pro 15,2,500.00
1072851a-d900-467e-b397-e1d19a8ccd8c,b8937929-b62d-4dc1-908e-d2ac6233167b,Wireless Mouse,5,50.00
24e467bd-2900-4309-a096-b96854ebda2b,ecfe1d8a-0e4f-4a8a-9546-8ce3fa404720,USB-C Hub,1,340.50
19e13cfe-079b-475b-8dec-4fa800a72200,899b7078-7902-4ad7-816c-5accb7d2a62f,Office Chair,2,400.00
d9e11150-d94e-4821-86dd-aecb82aff958,899b7078-7902-4ad7-816c-5accb7d2a62f,Desk Lamp,3,60.00
96ebdca8-d314-4330-a3e6-62402d6fe9ce,8d09e6f1-9126-4e7a-a817-d61caeba735f,Notebook Set,5,15.05
3a456119-a204-46c4-b0cf-3380b7723708,e813fbdb-bd05-4af6-ae66-8084318a4c47,Monitor 27in,2,250.00
65e57480-19dc-4e59-855d-ffdbc8bd2c97,74e97593-a804-4a31-8052-272ab308ad2b,Server Rack,1,2000.00
7efaf0f3-0ba0-45d2-bafe-f073aa4f5a03,74e97593-a804-4a31-8052-272ab308ad2b,Network Switch,1,200.00
